Workbook

Sheet Scenarios
A1: Metric | B1: Conservative | C1: Base | D1: Optimistic
A2: Annual deal volume | B2: 10000 | C2: 10000 | D2: 10000
A3: Minutes saved per deal | B3: 6 | C3: 12 | D3: 18
A4: Staff hourly cost, USD | B4: 32 | C4: 38 | D4: 44
A5: Avoided errors | B5: 18 | C5: 34 | D5: 48
A6: Average error cost, USD | B6: 180 | C6: 220 | D6: 260
A7: Implementation cost, USD | B7: 120000 | C7: 150000 | D7: 190000
A8: Labor hours saved | B8: =B2*B3/60 -> 0 | C8: =C2*C3/60 -> 0 | D8: =D2*D3/60 -> 0
A9: Labor cost saving, USD | B9: =B8*B4 -> 0 | C9: =C8*C4 -> 0 | D9: =D8*D4 -> 0
A10: Error saving, USD | B10: =B5*B6 -> 0 | C10: =C5*C6 -> 0 | D10: =D5*D6 -> 0
A11: Annual effect, USD | B11: =B9+B10 -> 0 | C11: =C9+C10 -> 0 | D11: =D9+D10 -> 0
A12: ROI | B12: =(B11-B7)/B7 -> 0 | C12: =(C11-C7)/C7 -> 0 | D12: =(D11-D7)/D7 -> 0
A13: Payback months | B13: =B7/(B11/12) -> 0 | C13: =C7/(C11/12) -> 0 | D13: =D7/(D11/12) -> 0

Sheet Volume Sensitivity
A1: Deal volume | B1: Annual effect, USD
A2: 5000 | B2: =A2*Scenarios!C3/60*Scenarios!C4+Scenarios!C5*Scenarios!C6 -> 0
A3: 7500 | B3: =A3*Scenarios!C3/60*Scenarios!C4+Scenarios!C5*Scenarios!C6 -> 0
A4: 10000 | B4: =A4*Scenarios!C3/60*Scenarios!C4+Scenarios!C5*Scenarios!C6 -> 0
A5: 12500 | B5: =A5*Scenarios!C3/60*Scenarios!C4+Scenarios!C5*Scenarios!C6 -> 0
A6: 15000 | B6: =A6*Scenarios!C3/60*Scenarios!C4+Scenarios!C5*Scenarios!C6 -> 0
A7: 20000 | B7: =A7*Scenarios!C3/60*Scenarios!C4+Scenarios!C5*Scenarios!C6 -> 0
